{"assets/fonts/League_Spartan/static/LeagueSpartan-Black.ttf":["assets/fonts/League_Spartan/static/LeagueSpartan-Black.ttf"],"assets/fonts/League_Spartan/static/LeagueSpartan-Bold.ttf":["assets/fonts/League_Spartan/static/LeagueSpartan-Bold.ttf"],"assets/fonts/League_Spartan/static/LeagueSpartan-ExtraBold.ttf":["assets/fonts/League_Spartan/static/LeagueSpartan-ExtraBold.ttf"],"assets/fonts/League_Spartan/static/LeagueSpartan-ExtraLight.ttf":["assets/fonts/League_Spartan/static/LeagueSpartan-ExtraLight.ttf"],"assets/fonts/League_Spartan/static/LeagueSpartan-Light.ttf":["assets/fonts/League_Spartan/static/LeagueSpartan-Light.ttf"],"assets/fonts/League_Spartan/static/LeagueSpartan-Medium.ttf":["assets/fonts/League_Spartan/static/LeagueSpartan-Medium.ttf"],"assets/fonts/League_Spartan/static/LeagueSpartan-Regular.ttf":["assets/fonts/League_Spartan/static/LeagueSpartan-Regular.ttf"],"assets/fonts/League_Spartan/static/LeagueSpartan-SemiBold.ttf":["assets/fonts/League_Spartan/static/LeagueSpartan-SemiBold.ttf"],"assets/fonts/League_Spartan/static/LeagueSpartan-Thin.ttf":["assets/fonts/League_Spartan/static/LeagueSpartan-Thin.ttf"],"assets/fonts/Manrope-VariableFont_wght.ttf":["assets/fonts/Manrope-VariableFont_wght.ttf"],"assets/icons/muscles/Abs.png":["assets/icons/muscles/Abs.png"],"assets/icons/muscles/Back.png":["assets/icons/muscles/Back.png"],"assets/icons/muscles/Biceps.png":["assets/icons/muscles/Biceps.png"],"assets/icons/muscles/Calves.png":["assets/icons/muscles/Calves.png"],"assets/icons/muscles/Chest.png":["assets/icons/muscles/Chest.png"],"assets/icons/muscles/Forearm.png":["assets/icons/muscles/Forearm.png"],"assets/icons/muscles/Hamstrings.png":["assets/icons/muscles/Hamstrings.png"],"assets/icons/muscles/Shoulder.png":["assets/icons/muscles/Shoulder.png"],"assets/icons/muscles/Thigh.png":["assets/icons/muscles/Thigh.png"],"assets/icons/muscles/Triceps.png":["assets/icons/muscles/Triceps.png"],"assets/icons/muscles/butt.png":["assets/icons/muscles/butt.png"],"assets/icons/ui_icons/dumbell.png":["assets/icons/ui_icons/dumbell.png"],"assets/icons/ui_icons/home.png":["assets/icons/ui_icons/home.png"],"assets/icons/ui_icons/statistic.png":["assets/icons/ui_icons/statistic.png"],"assets/icons/ui_icons/user.png":["assets/icons/ui_icons/user.png"],"assets/logo.png":["assets/logo.png"],"packages/cupertino_icons/assets/CupertinoIcons.ttf":["packages/cupertino_icons/assets/CupertinoIcons.ttf"]}