[{"family":"MaterialIcons","fonts":[{"asset":"fonts/MaterialIcons-Regular.otf"}]},{"family":"LeagueSpartan","fonts":[{"weight":100,"asset":"assets/fonts/League_Spartan/static/LeagueSpartan-Thin.ttf"},{"weight":200,"asset":"assets/fonts/League_Spartan/static/LeagueSpartan-ExtraLight.ttf"},{"weight":300,"asset":"assets/fonts/League_Spartan/static/LeagueSpartan-Light.ttf"},{"weight":400,"asset":"assets/fonts/League_Spartan/static/LeagueSpartan-Regular.ttf"},{"weight":500,"asset":"assets/fonts/League_Spartan/static/LeagueSpartan-Medium.ttf"},{"weight":600,"asset":"assets/fonts/League_Spartan/static/LeagueSpartan-SemiBold.ttf"},{"weight":700,"asset":"assets/fonts/League_Spartan/static/LeagueSpartan-Bold.ttf"},{"weight":800,"asset":"assets/fonts/League_Spartan/static/LeagueSpartan-ExtraBold.ttf"},{"weight":900,"asset":"assets/fonts/League_Spartan/static/LeagueSpartan-Black.ttf"}]},{"family":"Manrope","fonts":[{"asset":"assets/fonts/Manrope-VariableFont_wght.ttf"}]},{"family":"packages/cupertino_icons/CupertinoIcons","fonts":[{"asset":"packages/cupertino_icons/assets/CupertinoIcons.ttf"}]}]